{
  "global": 0.6000000000000001,
  "by_group": {
    "Female": 0.4331393205376675,
    "Male": 0.6070222013650401
  }
}