{
  "global": 0.6000000000000001,
  "by_group": {
    "Female": 0.43321739042691537,
    "Male": 0.6070552146302637
  }
}